{"Mean":{"confidence_interval":{"confidence_level":0.95,"lower_bound":-0.03705686218618116,"upper_bound":-0.020226139038265204},"point_estimate":-0.028491107823153228,"standard_error":0.004322806736851628},"Median":{"confidence_interval":{"confidence_level":0.95,"lower_bound":-0.01868982328786606,"upper_bound":-0.012051698299392233},"point_estimate":-0.014923356324753945,"standard_error":0.0016920769003477046}}