{"Mean":{"confidence_interval":{"confidence_level":0.95,"lower_bound":175.1590067607105,"upper_bound":176.20894990877738},"point_estimate":175.64687681937406,"standard_error":0.2688103880429397},"Median":{"confidence_interval":{"confidence_level":0.95,"lower_bound":174.62759980956267,"upper_bound":175.41647682945856},"point_estimate":174.9854577591193,"standard_error":0.19127704176319682},"MedianAbsDev":{"confidence_interval":{"confidence_level":0.95,"lower_bound":1.085019442222632,"upper_bound":1.7947022213199209},"point_estimate":1.5131905598729103,"standard_error":0.18462067411818148},"Slope":{"confidence_interval":{"confidence_level":0.95,"lower_bound":174.77599346954722,"upper_bound":175.26094245305939},"point_estimate":175.01621912811655,"standard_error":0.1242815732704056},"StdDev":{"confidence_interval":{"confidence_level":0.95,"lower_bound":1.7037797943394501,"upper_bound":3.5463788773169282},"point_estimate":2.7094618830499004,"standard_error":0.4722530625333079}}